"","CM010932.2_37467122","CM010932.2_44132296","CM030331.1_432012719","CM030321.1_129272326","CM030321.1_555692030","CM010936.2_794437614","CM010936.2_853999215","CM010931.2_679759418","CM010931.2_765270982","CM010931.2_768871763","CM010931.2_774366704","CM010931.2_779450600","CM010931.2_789675067","CM010931.2_808560593","CM010931.2_842522574","CM010931.2_867771324","CM030320.1_14126358","CM030320.1_275708560","CM010927.2_592566622","CM010927.2_616280542","CM010934.2_97701141","CM010930.2_623915854","CM010930.2_626872057","CM010937.2_443980934","CM010937.2_1335299031","CM010937.2_1340608734","CM010933.2_138534323","CM010933.2_1102995256","CM030318.1_92386074","CM030318.1_288268582","CM030318.1_369918198","CM030329.1_103658780","CM030330.1_140643704","CM030316.1_878055695","CM010929.2_859802745","CM030327.1_313601789","CM030324.1_277390791","BdLog"
"AlLS03_AlLS03","0/0","0/0","0/0","0/0","0/0","0/0","0/1","0/0","0/0","0/0","0/0","1/1","0/0","0/0","0/0","0/0","0/1","0/0","0/0","0/0","0/0","0/0","0/0","0/0","0/0","0/0","0/1","0/0","0/0","0/1","0/1","0/1","0/0","0/1","0/0","0/1","0/1",2.762476467
"AlLS08_AlLS08","0/0","0/0","0/0","0/0","0/0","0/0","0/0","0/0","0/1","0/0","0/1","0/0","0/1","0/0","0/0","0/0","0/0","0/0","0/0","0/0","0/0","0/0","0/0","0/0","0/0","0/0","0/0","0/0","0/1","0/0","0/1","0/1","0/0","0/1","0/0","0/0","0/0",2.380691272
"AlLS09_AlLS09","0/0","0/0","0/0","0/0","0/0","0/1","0/0","0/0","0/1","0/0","0/0","0/0","0/0","0/0","0/0","0/0","0/0","0/0","0/1","0/0","0/0","0/0","0/0","0/0","0/0","0/1","1/1","0/0","0/0","0/1","0/1","0/0","0/0","0/1","0/0","0/0","0/1",2.880876104
"AlLS13_AlLS13","0/1","0/0","0/0","0/0","0/1","0/0","0/1","0/0","0/0","0/0","0/0","0/1","0/1","0/0","0/0","0/1","0/1","0/0","0/0","0/0","0/0","0/0","0/0","0/0","0/0","0/1","0/1","0/1","0/0","0/0","0/1","0/0","0/0","0/0","0/0","0/1","0/0",4.212540076
"AlSe01_AlSe01","0/0","0/0","0/0","0/1","0/0","0/0","0/0","0/0","0/0","0/0","0/1","0/1","0/0","0/1","0/0","0/0","0/1","0/0","0/0","0/0","0/0","0/0","0/0","0/0","0/0","0/0","0/0","0/0","0/0","0/0","0/0","0/0","0/0","0/1","0/0","0/1","0/1",3.925116559
"AlSe02_AlSe02","0/0","0/0","0/0","0/0","0/0","0/0","0/1","0/0","0/1","0/0","0/0","0/1","0/0","0/0","0/0","0/0","0/0","0/1","0/0","0/0","0/0","0/0","0/0","0/0","0/0","0/0","0/0","0/0","0/1","0/0","0/0","0/0","0/0","0/1","0/0","0/0","0/1",2.200653768
"AlSe03_AlSe03","0/0","0/0","0/0","0/0","0/0","0/0","0/0","0/0","0/0","0/0","0/0","0/0","0/0","0/0","0/0","0/0","0/0","0/0","0/0","0/0","0/0","0/0","0/0","0/0","0/0","0/0","0/0","0/0","0/1","0/1","0/0","0/0","0/0","0/0","0/0","0/0","0/0",3.044107594
"AlSe04_AlSe04","0/0","0/0","0/0","0/0","0/0","0/0","0/1","0/0","0/0","0/0","0/0","0/1","0/1","0/0","0/0","0/0","0/1","0/0","0/1","0/0","0/0","0/0","0/0","0/0","0/0","0/0","0/0","0/0","0/1","0/0","0/0","0/0","0/0","0/0","0/1","0/0","0/1",3.822417755
"AlSe05_AlSe05","0/0","0/0","0/0","0/1","0/0","0/0","0/0","0/0","0/1","0/0","0/0","1/1","0/1","0/1","0/0","0/0","0/1","0/0","0/1","0/0","0/0","0/0","0/0","0/0","0/1","0/0","0/1","0/0","0/1","0/0","0/0","0/1","0/0","0/0","0/0","0/1","0/1",2.897272507
"AlSe06_AlSe06","0/0","0/0","0/0","0/0","0/0","0/0","0/1","0/0","0/0","0/0","0/0","0/0","0/0","0/0","0/0","0/0","0/0","0/0","0/0","0/0","0/0","0/0","0/0","0/0","0/0","0/0","0/0","0/0","0/1","0/0","0/0","0/1","0/0","0/0","0/0","0/0","0/1",3.568408041
"AlSe07_AlSe07","0/0","0/0","0/0","0/0","0/0","0/0","0/1","0/0","0/1","0/0","0/0","0/0","0/0","0/0","0/0","0/0","0/0","0/1","0/0","0/0","0/0","0/0","0/0","0/0","0/0","0/0","0/0","0/0","0/1","0/0","0/0","0/0","0/0","0/0","0/0","0/0","0/1",2.796225237
"AlSe08_AlSe08","0/0","0/0","0/0","0/1","0/1","0/0","0/0","0/1","0/0","0/0","0/1","0/1","0/0","0/1","0/0","0/0","0/1","0/0","0/0","0/1","0/0","0/0","0/0","0/0","0/0","0/0","0/0","0/1","0/0","0/1","0/0","0/0","0/0","0/1","0/0","0/0","0/0",4.10204918
"AlSe09_AlSe09","0/0","0/0","0/0","0/1","0/0","0/0","0/0","0/0","0/0","0/0","0/0","0/1","0/0","0/1","0/0","0/0","0/0","0/0","0/0","0/1","0/0","0/0","0/0","0/0","0/0","0/0","0/0","0/0","0/1","0/0","0/0","0/0","0/0","0/0","0/1","0/0","0/0",3.720561774
"AlSe10_AlSe10","0/0","0/0","0/0","0/1","0/0","0/0","0/0","0/0","0/0","0/0","0/0","0/1","0/0","0/1","0/0","0/0","0/1","0/0","0/1","0/1","0/0","0/0","0/0","0/0","0/0","0/0","0/0","0/0","0/1","0/0","0/0","0/0","0/0","0/0","0/0","0/1","0/1",2.757869251
"AlSe11_AlSe11","0/0","0/0","0/0","0/0","0/0","0/0","0/0","0/0","0/1","0/0","0/0","0/0","0/1","0/0","0/0","0/0","0/0","0/0","0/0","0/1","0/0","0/0","0/0","0/0","0/0","0/0","0/0","0/0","0/1","0/0","0/0","0/0","0/0","0/1","0/0","0/1","0/0",3.004940318
"AlSe12_AlSe12","0/0","0/0","0/0","0/0","0/0","0/0","0/1","0/0","0/0","0/0","0/0","0/0","0/0","0/0","0/0","0/0","0/1","0/0","0/1","0/1","0/0","0/0","0/0","0/0","0/0","0/0","0/0","0/0","0/1","0/0","0/0","0/0","0/0","0/0","0/0","0/0","0/0",3.564268836
"AlSe13_AlSe13","0/0","0/1","0/0","0/1","0/1","0/0","0/0","0/0","0/1","0/0","0/1","0/1","0/0","1/1","0/0","0/1","0/1","0/0","0/1","0/1","0/0","0/0","0/0","0/0","0/0","0/0","0/0","0/0","0/1","0/0","0/0","0/0","0/0","0/0","0/0","0/0","0/1",4.008896348
"AlSe14_AlSe14","0/0","0/0","0/0","0/1","0/0","0/0","0/0","0/0","0/0","0/0","0/0","1/1","0/1","0/0","0/0","0/0","0/0","0/0","0/0","0/0","0/0","0/0","0/0","0/0","0/0","0/0","0/1","0/0","0/1","0/1","0/0","0/1","0/0","0/0","0/0","0/0","0/1",5.090513274
"AlSe15_AlSe15","0/0","0/0","0/0","0/0","0/0","0/0","0/0","0/0","0/0","0/0","0/1","0/1","0/0","0/0","0/0","0/0","0/1","0/0","0/0","0/0","0/0","0/0","0/0","0/0","0/0","0/0","0/0","0/0","0/1","0/0","0/0","0/0","0/0","0/1","0/0","0/1","0/1",1.993445195
"AlSe16_AlSe16","0/0","0/0","0/0","0/0","0/0","0/0","0/0","0/0","0/1","0/0","0/0","0/0","0/0","0/0","0/0","0/0","0/0","0/0","0/1","0/1","0/0","0/0","0/0","0/0","0/0","0/0","0/0","0/0","0/0","0/0","0/0","0/0","0/0","0/0","0/0","1/1","0/0",4.080862552
"AlSe17_AlSe17","0/0","0/0","0/0","0/1","0/0","0/0","0/0","0/0","0/1","0/0","0/0","0/1","0/0","0/1","0/0","0/0","0/0","0/0","0/0","0/0","0/1","0/0","0/0","0/0","0/0","0/0","0/0","0/0","1/1","0/0","0/0","0/1","0/0","0/0","0/0","0/1","0/0",2.42459521
"AlSe18_AlSe18","0/0","0/0","0/0","0/0","0/0","0/0","0/0","0/0","0/1","0/0","0/0","0/1","0/0","0/0","0/0","0/1","0/0","0/0","0/1","0/0","0/0","0/0","0/0","0/1","0/1","0/0","0/0","0/0","0/1","0/0","0/1","0/0","0/0","0/1","0/0","0/1","0/1",2.128417611
"AlSe19_AlSe19","0/0","0/0","0/0","0/0","0/0","0/0","0/1","0/0","0/0","0/0","0/0","0/1","0/0","0/0","0/0","0/0","0/0","0/0","0/0","0/0","0/0","0/0","0/1","0/0","0/0","0/0","0/0","0/0","0/1","0/1","0/0","0/0","0/0","0/1","0/0","1/1","0/1",2.210766647
"AlSe20_AlSe20","0/0","0/0","0/0","0/1","0/0","0/0","0/0","0/0","0/1","0/0","0/1","0/1","0/0","0/1","0/0","0/0","0/1","0/0","0/0","0/0","0/0","0/0","0/0","0/0","0/0","0/0","0/0","0/0","1/1","0/0","0/0","0/0","0/0","0/0","0/0","0/1","0/1",4.093415037
"AlSe21_AlSe21","0/0","0/0","0/0","0/0","0/0","0/0","0/0","0/0","0/1","0/0","0/0","0/1","0/0","0/1","0/0","0/0","0/0","0/0","0/0","0/0","0/0","0/0","0/0","0/0","0/1","0/0","0/0","0/0","0/0","0/1","0/0","0/1","0/0","0/1","0/0","1/1","0/0",2.204085375
"AlTe01_AlTe01","0/0","0/0","0/0","0/0","0/1","0/0","0/0","0/0","0/1","0/0","0/0","0/1","0/0","0/0","0/0","0/0","0/0","0/0","0/0","0/0","0/0","0/0","0/0","0/0","0/0","0/0","0/0","0/0","0/1","0/0","0/1","0/0","0/0","0/0","0/0","0/0","0/0",3.150903459
"AlTe02_AlTe02","0/0","0/0","0/0","0/1","0/0","0/0","0/0","0/0","0/1","0/0","0/0","0/1","0/0","0/1","0/0","0/0","0/0","0/1","0/1","0/1","0/0","0/0","0/0","0/0","0/0","0/0","0/0","0/0","0/0","0/1","0/1","0/1","0/0","0/0","0/1","0/1","0/1",3.553967689
"AlTe03_AlTe03","0/0","0/0","0/0","0/0","0/0","0/0","0/0","0/0","0/1","0/0","0/0","0/0","0/0","0/0","0/0","0/0","0/0","0/1","0/0","0/0","0/0","0/0","0/0","0/0","0/0","0/0","0/0","0/0","0/1","0/0","0/0","0/1","0/0","0/0","0/0","0/0","0/0",4.130919863
"AlTe04_AlTe04","0/0","0/0","0/0","0/0","0/0","0/0","0/0","0/0","0/1","0/1","0/0","0/1","0/0","0/0","0/0","0/0","0/0","0/0","0/0","0/1","0/0","0/0","0/0","0/1","0/0","0/0","0/1","0/0","0/0","0/0","0/1","0/0","0/0","0/0","0/1","0/0","0/1",3.053904925
"AlTe05_AlTe05","0/0","0/0","0/0","0/0","0/0","0/0","0/0","0/1","0/1","0/0","0/0","0/1","0/0","0/0","0/0","0/0","0/0","0/1","0/1","0/0","0/0","0/0","0/0","0/0","0/0","0/0","0/0","0/0","0/1","0/0","0/0","0/0","0/0","0/1","0/0","0/0","0/0",3.11120547
"AlTe06_AlTe06","0/0","0/0","0/0","0/1","0/0","0/0","0/1","0/0","0/0","0/0","0/0","0/1","0/0","1/1","0/0","0/0","0/0","0/0","0/1","0/0","0/0","0/0","0/0","0/0","0/0","0/1","0/0","0/0","0/0","0/0","0/1","0/0","0/0","0/0","0/0","0/0","0/1",3.876487392
"AlTe07_AlTe07","0/0","0/0","0/0","0/1","0/0","0/0","0/0","0/0","0/0","0/0","0/0","0/1","0/0","0/1","0/0","0/0","0/0","0/0","0/1","0/1","0/0","0/0","0/0","0/0","0/0","0/0","1/1","0/0","0/0","0/0","0/1","0/0","0/0","0/0","0/0","0/0","0/0",5.054827959
"AlTe08_AlTe08","1/1","0/1","0/0","0/0","0/0","0/0","0/0","0/0","0/1","0/0","0/1","1/1","0/0","0/0","0/0","0/0","0/1","0/0","0/0","0/0","0/0","0/1","0/0","0/0","0/0","0/0","0/0","0/0","0/0","0/0","0/1","0/0","0/0","0/0","0/0","0/0","0/0",3.771679604
"AlTe09_AlTe09","0/1","0/1","0/0","0/0","0/0","0/0","0/0","0/0","0/0","0/0","0/0","0/1","0/0","0/0","0/0","0/0","0/0","0/0","0/0","0/0","0/0","0/0","0/0","0/0","0/0","0/0","0/1","0/0","0/0","0/1","0/1","0/0","0/0","0/0","0/1","0/0","0/1",5.174104925
"AlTe10_AlTe10","0/0","0/0","0/0","0/0","0/0","0/0","0/0","0/0","0/1","0/0","0/0","0/1","0/0","0/0","0/0","0/0","0/0","0/0","0/1","0/0","0/0","0/0","0/0","0/0","0/0","0/1","0/1","0/0","0/0","0/0","0/1","0/0","0/0","0/0","0/0","0/1","0/1",3.558890881
"AlTe11_AlTe11","0/1","0/1","0/0","0/0","0/1","0/0","0/0","0/0","0/1","0/0","0/0","0/1","0/0","0/0","0/0","0/0","0/0","0/0","0/0","0/1","0/0","0/0","0/0","0/0","0/0","0/1","0/1","0/0","0/1","0/1","0/1","0/0","0/0","0/0","0/1","0/0","0/1",5.66943399
"AlTe12_AlTe12","0/0","0/0","0/0","0/1","0/0","0/0","0/0","0/0","0/1","0/0","0/0","0/1","0/0","0/1","0/0","0/0","0/0","0/0","0/1","0/1","0/0","0/0","0/0","0/0","0/1","0/1","0/0","0/0","0/0","0/1","0/0","0/0","0/0","0/0","0/1","0/0","0/1",4.163187559
"AlTe13_AlTe13","0/1","0/1","0/0","0/0","0/0","0/0","0/0","0/0","0/1","0/0","0/0","1/1","0/0","0/0","0/0","0/0","0/0","0/1","0/1","0/0","0/0","0/0","0/0","0/0","0/0","0/0","0/0","0/0","0/0","0/0","0/1","0/0","0/0","0/0","0/0","0/0","0/1",4.175724743
"AlTe14_AlTe14","0/1","0/0","0/0","0/0","0/0","0/0","0/0","0/0","0/0","0/0","0/0","0/1","0/0","0/0","0/0","0/0","0/0","0/0","0/1","0/0","0/0","0/0","0/0","0/0","0/0","1/1","0/0","0/0","1/1","0/0","0/0","0/0","0/0","0/0","0/0","0/0","0/0",3.310464204
"AlTe15_AlTe15","0/0","0/0","0/0","0/0","0/0","0/1","0/0","0/0","0/1","0/1","0/0","0/1","0/0","0/0","0/0","0/0","0/0","0/0","0/0","0/0","0/0","0/0","0/0","0/0","0/0","1/1","1/1","0/0","0/1","0/0","0/0","0/1","0/0","0/0","0/0","0/0","0/1",2.943758857
"AlTe16_AlTe16","0/0","0/1","0/0","0/0","0/0","0/0","0/1","0/0","0/0","0/0","0/0","0/1","0/0","0/0","0/0","0/0","0/0","0/0","0/1","0/0","0/0","0/0","0/1","0/0","0/0","0/0","0/1","0/0","0/0","0/0","1/1","0/0","0/0","0/0","0/0","0/0","0/1",3.013187331
"AlTe17_AlTe17","0/1","0/0","0/0","0/0","0/0","0/0","0/1","0/1","0/1","0/0","0/0","0/1","0/0","0/0","0/0","0/0","0/0","0/1","0/0","0/0","0/0","0/0","0/0","0/0","0/0","0/0","0/0","0/0","0/1","0/0","0/1","0/0","0/1","0/0","0/0","0/0","0/1",2.865645631
"AlTe18_AlTe18","0/0","0/0","0/0","0/0","0/0","0/0","0/0","0/0","0/1","0/0","0/0","0/1","0/0","0/0","0/0","0/0","0/0","0/1","0/0","0/0","0/0","0/0","0/0","0/0","0/0","0/0","0/0","0/0","1/1","0/0","0/0","0/0","0/0","0/0","0/0","0/0","0/0",2.299439078
"AlTe19_AlTe19","0/0","0/0","0/0","0/0","0/0","0/0","0/1","0/0","0/1","0/0","0/0","0/1","0/0","0/0","0/0","0/0","0/0","0/0","0/0","0/0","0/0","0/0","0/1","0/0","0/0","0/0","0/0","0/0","0/1","0/0","0/1","1/1","0/0","0/0","0/0","0/0","0/1",1.797838946
"AlTe20_AlTe20","0/0","0/1","0/0","0/0","0/0","0/0","0/0","0/0","0/1","0/0","0/0","0/1","0/0","0/0","0/0","0/0","0/0","0/0","0/0","0/0","0/0","0/0","0/0","0/0","0/0","0/0","0/0","0/0","0/1","0/0","0/1","0/0","0/0","0/0","0/0","0/0","0/1",3.201090074
"AlVC01_AlVC01","0/0","0/0","0/0","0/0","0/1","0/0","0/0","0/0","0/0","0/0","0/0","0/0","0/0","0/0","0/0","0/0","0/0","0/0","1/1","0/0","0/0","0/0","0/0","0/0","0/0","0/0","0/0","0/0","1/1","0/1","0/0","0/1","0/0","0/0","0/0","0/1","0/1",4.701145083
"AlVC02_AlVC02","0/0","0/0","0/0","0/0","0/1","0/0","0/0","0/0","0/1","0/0","0/0","0/0","0/0","0/0","0/0","0/0","0/0","0/0","0/0","0/0","0/0","0/0","0/0","0/0","0/0","0/1","0/0","0/0","1/1","0/0","0/0","0/0","0/0","0/0","0/0","0/0","0/1",4.502857764
"AlVC03_AlVC03","0/0","0/0","0/0","0/0","0/1","0/0","0/0","0/0","0/1","0/0","0/0","0/0","0/0","0/0","0/0","0/0","0/0","0/0","0/1","0/0","0/0","0/0","0/0","0/0","0/1","0/0","0/0","0/0","1/1","0/0","0/0","0/0","0/0","0/0","0/0","0/1","0/0",2.542113422
"AlVC04_AlVC04","0/0","0/0","0/0","0/0","0/0","0/0","0/1","0/0","0/1","0/0","0/0","0/0","0/0","0/0","0/0","0/0","0/0","0/0","0/0","0/0","0/0","0/0","0/0","0/0","0/0","0/0","0/0","0/0","0/1","0/0","0/0","0/0","0/0","0/1","0/0","0/0","0/0",2.373486288
"AlVC05_AlVC05","0/0","0/0","0/0","0/0","0/0","0/0","0/1","0/0","0/1","0/1","0/0","0/0","0/0","0/0","0/0","0/0","0/0","0/0","0/0","0/0","0/0","0/0","0/0","0/0","0/0","0/0","0/0","0/0","0/1","0/0","0/0","0/0","0/0","0/1","0/0","0/0","0/0",3.358784287
"AlVC06_AlVC06","0/0","0/1","0/0","0/1","0/0","0/0","0/0","0/0","1/1","0/0","0/0","0/0","0/0","0/0","0/0","0/0","0/0","0/0","0/1","0/0","0/0","0/0","0/0","0/0","0/0","0/0","0/0","0/0","1/1","0/0","0/0","0/0","0/0","0/0","0/0","0/0","0/1",4.241521429
"AlVC07_AlVC07","0/0","0/0","0/0","0/0","0/0","0/0","0/0","0/0","0/1","0/0","0/0","0/0","0/0","0/0","0/0","0/0","0/0","0/1","0/0","0/0","0/0","0/0","0/0","0/1","0/0","0/0","0/0","0/0","0/1","0/0","0/0","0/0","0/1","0/0","0/0","0/0","0/0",3.652319378
"AlVC08_AlVC08","0/0","0/0","0/0","0/0","0/1","0/0","0/0","0/0","0/1","0/0","0/0","0/0","0/0","0/0","0/0","0/0","0/1","0/0","0/1","0/0","0/0","0/1","0/0","0/0","0/0","0/0","0/0","0/0","1/1","0/1","0/0","0/0","0/0","0/0","0/0","0/0","0/0",3.60402117
"AlVC09_AlVC09","0/0","0/0","0/0","0/0","0/0","0/0","0/0","0/0","0/1","0/0","0/0","0/0","0/0","0/0","0/0","0/0","0/0","0/0","1/1","0/0","0/0","0/0","0/0","0/0","0/0","0/0","0/1","0/0","1/1","0/0","0/0","0/0","0/0","0/0","0/0","0/0","0/1",2.404021844
"AlVC10_AlVC10","0/0","0/0","0/0","0/0","0/0","0/0","0/0","0/0","0/1","0/0","0/0","0/0","0/0","0/0","0/0","0/0","0/0","0/0","0/0","0/0","0/0","0/0","0/0","0/0","0/0","0/0","0/0","0/0","0/1","0/0","0/0","0/0","0/1","0/0","0/0","0/0","0/1",3.010576061
"AlVC11_AlVC11","0/0","0/0","0/0","0/0","0/0","0/0","0/0","0/0","1/1","0/0","0/0","0/0","0/0","0/0","0/0","0/0","0/0","0/0","0/0","0/0","0/1","0/0","0/0","0/0","0/1","0/0","0/0","0/0","0/1","0/0","0/0","0/0","0/0","0/0","0/0","0/0","0/0",2.68216174
"AlVC12_AlVC12","0/0","0/0","0/0","0/0","0/0","0/0","0/0","0/0","0/1","0/0","0/0","0/0","0/0","0/0","0/0","0/0","0/0","0/0","1/1","0/0","0/0","0/0","0/0","0/0","0/0","0/0","0/0","0/0","0/1","0/0","0/0","0/0","0/0","0/1","0/0","0/0","0/0",2.70633222
"AlVC13_AlVC13","0/0","0/0","0/0","0/0","0/1","0/0","0/1","0/0","0/1","0/0","0/0","0/0","0/0","0/0","0/0","0/0","0/0","0/1","0/1","0/0","0/0","0/0","0/0","0/1","0/1","0/0","0/0","0/0","1/1","0/0","0/0","0/1","0/0","0/0","0/0","0/0","0/1",3.040092148
"AlVC14_AlVC14","0/0","0/0","0/0","0/0","0/0","0/0","0/0","0/0","0/0","0/0","0/0","0/0","0/0","0/0","0/0","0/0","0/0","0/0","0/0","0/0","0/0","0/0","0/0","0/0","0/0","0/0","0/1","0/0","0/1","0/0","0/0","0/0","0/0","0/0","0/0","0/0","0/1",5.077439062
"AlVC15_AlVC15","0/0","0/0","0/0","0/0","0/1","0/0","0/1","0/0","0/0","0/0","0/0","0/1","0/0","0/0","0/0","0/0","0/0","0/0","0/0","0/0","0/0","0/0","0/0","0/1","0/0","0/0","0/0","0/0","1/1","0/0","0/0","0/1","0/0","0/0","0/1","0/0","0/1",2.750331686
"AlVC16_AlVC16","0/0","0/0","0/0","0/0","0/1","0/0","0/0","0/0","0/1","0/0","0/0","0/0","0/0","0/0","0/0","0/0","0/0","0/0","0/0","0/0","0/0","0/0","0/0","0/1","0/0","0/0","0/1","0/0","0/1","0/1","0/0","0/0","0/0","0/0","0/0","0/0","0/1",5.118165697
"AlVC17_AlVC17","0/0","0/0","0/0","0/0","0/1","0/0","0/0","0/0","0/1","0/0","0/0","0/0","0/0","0/0","0/0","0/0","0/0","0/0","0/0","0/0","0/0","0/0","0/0","0/0","0/0","0/0","1/1","0/0","1/1","0/0","0/0","0/0","0/0","0/0","0/0","0/0","0/1",3.963554699
"AlVC18_AlVC18","0/0","0/0","0/0","0/0","0/1","0/0","1/1","0/0","0/1","0/0","0/0","0/0","0/0","0/0","0/0","0/0","0/0","0/1","0/1","0/0","0/0","0/0","0/0","0/0","0/0","0/0","0/1","0/0","0/1","0/0","0/0","0/0","0/0","0/0","0/0","0/0","0/1",3.682344416
"AlVC19_AlVC19","0/0","0/0","0/0","0/0","0/1","0/0","0/0","0/0","0/1","0/0","0/0","0/0","0/0","0/0","0/0","0/0","0/0","0/1","0/1","0/0","0/0","0/0","0/0","0/0","0/0","0/0","0/0","0/0","1/1","0/0","0/0","0/0","0/1","0/1","0/0","0/0","0/1",2.561764473
"AlVC21_AlVC21","0/1","0/0","0/0","0/0","0/1","0/0","0/0","0/0","0/0","0/0","0/0","0/0","0/0","0/0","0/0","0/0","0/0","0/0","0/0","0/0","0/0","0/0","0/0","0/0","0/0","0/0","0/0","0/0","1/1","0/0","0/0","0/0","0/0","0/0","0/0","0/0","0/0",4.069121286
"AlO01_AlO01","0/1","0/1","0/0","0/1","0/0","0/0","0/0","0/1","0/1","0/0","0/0","0/1","0/1","1/1","0/1","0/1","0/0","0/0","0/0","1/1","0/0","0/1","0/0","0/0","0/0","0/1","0/1","0/0","0/0","0/0","0/1","0/0","0/0","0/1","0/1","0/0","0/1",3.834008732
"AlO02_AlO02","0/0","0/0","0/0","0/0","0/1","0/0","0/0","0/1","0/1","0/0","0/0","0/0","0/0","0/0","0/0","0/0","1/1","0/0","0/1","0/0","0/0","0/1","0/0","0/0","0/0","0/1","0/0","0/1","0/0","0/0","0/1","0/0","0/0","0/1","0/1","0/0","0/1",3.520280062
"AlO03_AlO03","0/1","0/0","0/1","0/0","0/1","0/0","0/1","0/1","0/1","0/1","0/1","0/1","0/1","0/1","0/1","0/0","0/0","0/0","0/0","1/1","0/0","0/1","0/0","0/0","0/0","0/0","0/0","0/0","0/0","0/0","0/1","0/0","0/0","0/1","0/1","0/0","0/1",2.077078657
"AlO06_AlO06","0/1","0/0","0/1","0/0","0/0","0/0","0/1","1/1","0/0","0/1","0/1","1/1","0/1","1/1","0/0","0/0","0/0","0/0","0/0","0/1","0/0","0/1","0/0","0/0","0/0","0/0","0/0","0/0","0/0","0/1","0/1","0/0","0/0","0/1","0/1","0/1","0/1",3.817821702
"AlO07_AlO07","0/1","0/1","1/1","0/1","0/1","0/0","0/0","0/1","0/0","0/1","1/1","0/1","0/1","0/1","0/1","0/1","0/1","0/0","0/0","0/0","0/0","0/1","0/0","0/0","0/0","1/1","1/1","0/0","0/1","0/0","0/1","0/0","0/0","0/1","0/0","0/0","0/1",5.525785291
"AlO10_AlO10","0/1","0/1","0/1","0/1","0/1","0/0","0/0","1/1","0/0","1/1","0/1","1/1","0/1","1/1","0/1","0/1","0/1","0/0","0/0","0/1","0/0","0/1","0/0","0/0","0/0","0/1","1/1","0/1","0/0","0/1","0/1","0/0","0/0","0/0","0/0","0/0","0/1",4.632998623
"AlO13_AlO13","0/0","0/0","0/0","0/0","0/1","0/0","0/0","1/1","0/1","1/1","1/1","1/1","1/1","1/1","0/1","0/0","0/1","0/0","0/0","0/1","0/0","0/1","0/0","0/0","0/0","0/1","0/0","0/1","0/0","1/1","0/1","0/0","0/0","0/0","0/1","0/0","1/1",4.595842113
"AlO14_AlO14","0/1","0/1","0/1","0/0","0/0","0/0","0/1","0/1","0/0","0/1","0/1","0/1","0/1","0/1","0/1","0/1","1/1","0/0","0/1","0/1","0/0","0/1","0/0","0/0","0/0","0/0","0/1","0/0","0/1","0/0","0/1","0/0","0/0","0/1","0/1","0/0","0/0",4.003414641
"AlO15_AlO15","0/0","0/0","0/0","0/0","0/0","0/0","0/1","0/0","0/1","0/0","0/1","0/1","0/1","0/0","0/0","0/0","0/0","0/1","0/0","0/1","0/0","0/1","0/0","0/0","0/0","0/0","0/0","0/0","0/0","0/0","0/0","0/0","0/1","0/1","1/1","0/0","0/0",2.273239691
"AlO16_AlO16","0/0","0/0","0/0","0/1","0/1","0/0","0/0","0/1","0/0","1/1","1/1","1/1","1/1","0/1","0/0","0/0","0/1","0/0","0/0","0/1","0/0","0/0","0/0","0/0","0/0","0/0","0/0","0/1","0/0","0/1","0/0","0/0","0/0","0/1","0/1","0/1","0/0",2.646395865
"AlO17_AlO17","0/0","0/0","0/1","0/1","0/0","0/0","0/1","0/0","0/1","0/1","0/1","0/1","0/1","1/1","0/0","0/0","0/1","0/0","0/1","0/0","0/0","0/1","0/0","0/0","0/0","0/0","0/0","0/0","0/0","0/0","0/1","0/1","0/0","0/1","0/0","0/0","0/0",2.188677056
"AlO18_AlO18","0/0","0/0","0/0","0/1","0/0","0/0","0/0","0/0","0/1","0/1","0/1","0/1","0/1","1/1","1/1","0/1","0/0","0/0","0/1","0/1","0/0","0/1","0/0","0/0","0/1","0/0","0/0","0/0","0/1","0/0","0/1","0/1","0/1","0/0","0/1","0/0","0/1",1.94148671
"AlO19_AlO19","0/1","0/1","0/1","0/1","0/0","0/0","0/0","1/1","0/0","0/1","0/1","0/1","0/1","0/1","0/1","0/1","0/1","0/0","0/0","0/1","0/0","0/0","0/0","0/0","0/0","0/1","0/0","0/1","0/0","0/1","0/0","0/0","0/0","0/0","0/1","0/1","0/1",2.60604142
"AlO20_AlO20","0/1","0/1","0/0","0/0","0/0","0/0","0/1","0/1","0/0","0/1","0/1","0/1","0/1","0/1","0/1","0/1","0/0","0/0","0/0","0/1","0/0","0/1","0/0","0/0","0/0","0/0","0/0","0/1","0/1","0/1","0/1","0/0","0/0","0/1","0/1","0/0","0/1",3.775806229
"AlO22_AlO22","0/0","0/0","0/1","0/1","0/1","0/0","0/0","0/1","0/0","0/1","0/1","0/1","0/1","0/0","0/1","0/0","0/1","0/0","0/0","0/1","0/0","0/0","0/0","0/0","0/0","0/1","0/0","0/1","0/0","0/0","0/1","0/0","0/0","0/0","0/1","0/0","0/1",5.348030518
"AlO23_AlO23","0/1","0/1","1/1","0/1","0/0","0/0","0/0","0/1","0/1","0/0","0/0","0/1","0/1","0/1","0/1","0/1","0/0","0/0","0/0","0/1","0/1","0/1","0/0","0/0","0/0","0/0","0/0","0/0","0/0","0/0","0/0","0/0","0/0","0/1","0/1","0/0","0/1",4.388422447
"AlO24_AlO24","0/1","0/1","0/1","0/1","0/1","0/0","0/0","0/0","0/0","0/1","0/1","0/1","0/1","0/1","0/1","0/1","0/1","0/0","0/0","1/1","0/0","0/1","0/0","0/0","0/0","0/0","0/0","0/0","0/0","0/0","0/1","0/0","0/0","0/0","0/1","0/0","0/1",4.606854523
