"","CM030318.1_57212499","CM010933.2_647585203","CM010933.2_699441503","CM010927.2_57699333","CM010927.2_463547655","CM010927.2_478870749","CM010936.2_337685736","CM010936.2_553350955","CM010929.2_1332345526","CM030320.1_328393323","CM030320.1_452883090","CM010937.2_721736810","CM010932.2_1325217820","CM030319.1_4920822","CM030319.1_329806227","CM010928.2_504064602","CM030323.1_236646485","CM030327.1_300713710","CM010935.2_365689566","CM030316.1_882795982","CM030321.1_994835122","BodyCondition"
"AlLS01_AlLS01","0/0","1/1","0/0","0/0","0/0","0/0","0/0","0/0","0/0","0/0","0/0","0/1","0/0","0/0","0/0","0/0","0/0","0/0","0/0","0/0","0/0",12.71050892
"AlLS02_AlLS02","0/0","0/1","0/1","0/0","0/0","0/0","0/0","0/0","0/0","0/0","0/0","0/0","0/0","0/0","0/1","0/0","0/0","0/0","0/0","0/0","0/1",10.32878631
"AlLS03_AlLS03","0/0","0/1","0/0","0/0","0/1","0/0","0/0","0/0","0/1","0/0","0/0","0/0","0/0","0/0","0/0","0/0","0/0","0/0","0/1","0/0","0/0",6.830142645
"AlLS04_AlLS04","0/0","0/1","0/0","0/0","0/0","0/0","0/0","0/0","0/0","0/0","0/0","0/0","0/0","0/0","0/0","0/0","0/0","0/0","0/0","0/0","0/0",9.44219389
"AlLS05_AlLS05","0/0","0/1","0/0","0/0","0/0","0/1","0/0","0/0","0/0","0/0","0/0","0/0","0/0","0/0","0/1","0/0","0/0","0/0","0/0","0/0","0/0",13.00903135
"AlLS06_AlLS06","0/0","0/1","0/0","0/0","0/1","0/0","0/0","0/0","0/0","0/0","0/0","0/0","0/0","0/0","0/0","0/0","0/0","0/0","0/1","0/0","0/0",6.80950113
"AlLS07_AlLS07","0/0","1/1","0/0","0/0","0/0","0/0","0/0","0/0","0/0","0/1","0/1","0/0","0/0","0/0","0/1","0/0","0/0","0/0","0/1","0/0","0/0",9.887523033
"AlLS08_AlLS08","0/0","1/1","0/0","0/0","0/1","0/0","0/0","0/0","0/0","0/0","0/0","0/0","0/0","0/0","0/0","0/1","0/0","0/0","0/1","0/0","0/0",8.035412646
"AlLS09_AlLS09","0/0","0/1","0/1","0/0","0/0","0/0","0/0","0/0","0/0","0/0","0/1","0/0","0/1","0/0","0/0","0/0","0/0","0/0","0/0","0/0","0/0",13.53703548
"AlLS10_AlLS10","0/0","1/1","0/1","0/1","0/0","0/0","0/0","0/0","0/0","0/0","0/0","0/0","0/0","0/0","0/1","0/0","0/0","0/1","0/0","0/0","0/0",12.98374722
"AlLS11_AlLS11","0/0","1/1","0/0","0/0","0/0","0/0","0/0","0/0","0/0","0/0","0/0","0/0","0/0","0/0","0/1","0/0","0/0","0/0","0/0","0/1","0/0",12.38563527
"AlLS12_AlLS12","0/0","1/1","0/0","0/0","0/1","0/0","0/0","0/0","0/0","0/0","0/0","0/1","0/0","0/0","0/1","0/0","0/0","0/0","0/1","0/0","0/0",10.35246075
"AlLS13_AlLS13","0/0","1/1","0/0","0/0","0/0","0/0","0/0","0/1","0/0","0/0","0/0","0/1","0/0","0/0","0/1","0/0","0/0","0/0","0/0","0/0","0/0",11.38290243
"AlSe01_AlSe01","0/0","0/1","0/0","0/0","0/1","0/0","0/1","0/0","0/0","0/1","0/0","0/0","0/0","0/0","0/0","0/0","0/0","0/0","0/1","0/0","0/0",9.833050273
"AlSe02_AlSe02","0/0","0/1","0/0","0/0","0/1","0/1","0/1","0/0","0/0","0/0","0/0","0/0","0/0","0/0","0/0","0/0","0/0","0/1","0/1","0/0","0/0",9.954290485
"AlSe03_AlSe03","0/0","1/1","0/0","0/0","0/0","0/0","0/1","0/0","0/0","0/1","0/0","0/0","0/0","0/0","0/0","0/0","0/0","1/1","0/0","0/0","0/0",11.35146822
"AlSe04_AlSe04","0/0","0/1","0/0","0/0","0/0","0/0","0/1","0/0","0/0","0/1","0/0","0/0","0/1","0/0","0/1","0/0","0/0","0/1","0/1","0/0","0/0",10.65633913
"AlSe05_AlSe05","0/0","0/1","0/0","0/0","0/0","0/0","0/1","0/0","0/0","0/0","0/0","0/0","0/0","0/0","0/0","0/0","0/0","0/1","0/0","0/0","0/0",12.14801366
"AlSe06_AlSe06","0/0","0/1","0/0","0/0","0/1","0/0","0/0","0/0","0/0","0/0","0/0","0/0","0/0","0/0","0/0","0/0","0/0","0/1","0/1","0/0","0/0",6.748896477
"AlSe07_AlSe07","0/1","0/0","0/0","0/0","0/1","0/0","0/0","0/0","0/0","0/0","0/0","0/0","0/0","0/0","0/0","0/0","0/0","0/0","0/0","0/0","0/0",8.857350856
"AlSe08_AlSe08","0/1","0/1","0/0","0/1","0/0","0/0","1/1","0/1","0/0","0/1","0/1","0/1","0/0","0/1","0/1","0/1","0/0","0/1","0/0","0/0","0/0",15.500364
"AlSe09_AlSe09","0/0","0/1","1/1","0/0","0/0","0/1","0/1","0/0","0/0","0/1","0/0","0/1","0/0","0/0","0/1","0/0","0/0","1/1","0/1","0/0","0/1",13.28602628
"AlSe10_AlSe10","0/0","0/1","0/0","0/0","0/1","0/0","0/0","0/0","0/0","0/1","0/0","0/0","0/0","0/0","0/0","0/0","0/0","0/0","0/0","0/1","0/0",9.833050273
"AlSe11_AlSe11","0/0","0/1","0/0","0/0","1/1","0/0","0/0","0/0","0/0","0/0","0/0","0/0","0/0","0/0","0/1","0/0","0/0","0/0","0/1","0/0","0/0",5.559872158
"AlSe12_AlSe12","0/0","0/1","0/0","0/0","0/0","0/0","0/0","0/0","0/0","0/0","0/0","0/0","0/0","0/0","0/1","0/0","0/0","0/1","0/0","0/0","0/0",11.97950963
"AlSe13_AlSe13","0/0","1/1","0/1","0/0","0/0","0/0","0/1","0/1","0/0","0/0","0/0","0/0","0/0","0/0","0/1","0/0","0/0","0/1","0/1","0/0","0/0",10.8904633
"AlSe14_AlSe14","0/0","0/1","0/0","0/0","0/0","0/0","0/0","0/0","0/1","0/0","0/0","0/0","0/0","0/0","0/0","0/0","0/0","0/0","0/1","0/0","0/0",8.939136612
"AlSe15_AlSe15","0/0","1/1","0/0","0/0","0/0","0/0","0/1","0/0","0/0","0/0","0/0","0/0","0/0","0/0","0/0","0/0","0/1","0/0","0/1","0/0","0/0",8.93478276
"AlSe16_AlSe16","0/0","0/0","0/0","0/0","0/0","0/0","0/0","0/0","0/0","0/0","0/0","0/0","0/0","0/0","0/0","0/0","0/0","0/0","0/1","0/0","0/0",6.70108707
"AlSe17_AlSe17","0/1","1/1","0/0","0/1","0/1","0/1","0/0","0/0","0/0","0/0","0/0","0/0","0/0","0/0","0/0","0/0","0/0","0/1","0/0","0/0","0/0",11.53030849
"AlSe18_AlSe18","0/0","0/1","0/1","0/0","0/0","0/0","1/1","0/0","0/0","0/0","0/0","0/0","0/0","0/0","0/0","0/0","0/0","0/0","0/1","0/0","0/0",8.098675772
"AlSe19_AlSe19","0/0","0/1","0/0","0/0","0/1","0/0","0/0","0/0","0/0","0/0","0/0","0/0","0/0","0/0","0/1","0/0","0/0","0/1","0/1","0/0","0/0",10.42391322
"AlSe20_AlSe20","0/0","0/1","0/0","0/0","0/1","0/0","0/0","0/0","0/0","0/0","0/0","0/0","0/0","0/0","0/0","0/0","0/0","0/0","0/1","0/0","0/0",6.572551722
"AlSe21_AlSe21","0/0","0/0","0/0","0/0","0/0","0/0","0/0","0/0","0/0","0/0","0/0","0/0","0/0","0/0","0/1","0/0","0/0","0/0","0/0","0/0","0/0",8.034153289
"AlTe01_AlTe01","0/0","1/1","1/1","0/0","0/0","0/0","0/1","0/0","0/0","0/0","0/0","0/1","0/1","0/0","0/0","0/0","0/0","0/1","0/0","0/0","0/0",12.38563527
"AlTe02_AlTe02","0/0","0/1","0/1","0/1","0/1","0/0","0/1","0/1","0/0","0/1","0/1","0/1","0/1","0/0","0/1","0/1","0/0","0/0","0/1","0/1","0/1",15.06639871
"AlTe03_AlTe03","0/1","0/1","0/1","0/0","0/1","0/0","1/1","0/0","0/0","0/0","0/0","0/0","0/1","0/0","0/0","0/0","0/0","0/0","0/0","0/0","0/0",11.14516891
"AlTe04_AlTe04","0/0","0/0","0/0","0/0","0/1","0/0","0/0","0/0","0/0","0/0","0/1","0/0","0/0","0/0","0/0","0/0","0/0","0/0","0/0","0/0","0/0",11.04869239
"AlTe05_AlTe05","0/0","0/1","0/1","0/0","0/1","0/0","0/0","0/0","1/1","0/0","0/0","0/0","0/0","0/0","0/0","0/0","0/0","0/0","0/1","0/0","0/0",6.68640541
"AlTe06_AlTe06","0/0","0/1","0/1","0/0","0/0","0/0","0/0","0/1","0/0","0/1","0/0","0/0","0/0","0/0","0/0","0/0","0/0","0/1","0/0","0/0","0/0",13.59194644
"AlTe07_AlTe07","0/0","0/0","0/0","0/0","0/1","0/0","0/0","0/0","0/1","0/0","0/0","0/0","0/0","0/0","0/0","0/0","0/0","0/0","0/1","0/0","0/0",6.200291671
"AlTe08_AlTe08","0/1","1/1","1/1","0/1","0/0","0/1","1/1","0/0","0/0","0/1","0/1","0/1","1/1","0/1","0/1","0/1","0/1","0/1","0/0","0/1","0/1",20.537278
"AlTe09_AlTe09","0/0","0/0","0/1","0/0","0/0","0/0","0/0","0/0","0/0","0/0","0/0","0/0","0/0","0/0","0/0","0/0","0/0","0/0","0/0","0/0","0/0",9.887523033
"AlTe10_AlTe10","0/0","0/0","0/0","0/0","0/1","0/0","0/0","0/0","0/1","0/0","0/0","0/0","0/1","0/0","0/0","0/0","0/0","0/0","0/1","0/0","0/0",9.945524739
"AlTe11_AlTe11","0/0","1/1","0/1","0/1","0/0","0/0","0/0","0/0","0/0","0/0","0/0","0/0","0/0","0/0","0/0","0/0","0/0","0/0","0/0","0/0","0/0",10.35246075
"AlTe12_AlTe12","0/0","0/0","0/0","0/0","0/0","0/0","0/0","0/0","0/0","0/0","0/0","0/0","0/0","0/0","0/0","0/0","0/0","0/1","0/0","0/0","0/0",10.85051042
"AlTe13_AlTe13","0/0","0/0","0/0","0/0","0/1","0/0","0/1","0/0","0/1","0/0","0/0","0/0","0/0","0/0","0/0","0/0","0/0","0/0","0/0","0/0","0/0",9.448455068
"AlTe14_AlTe14","0/0","1/1","0/1","0/0","0/0","0/1","0/1","0/0","0/0","0/0","0/0","0/0","0/0","0/0","0/0","0/0","0/0","0/0","0/0","0/0","0/0",13.12583109
"AlTe15_AlTe15","0/0","1/1","0/1","0/0","0/1","0/0","0/0","0/0","0/0","0/0","0/1","0/0","0/0","0/1","0/0","0/0","0/0","0/1","0/0","0/0","0/0",12.56351731
"AlTe16_AlTe16","0/1","1/1","0/1","0/0","0/0","0/1","0/0","0/0","0/0","0/0","0/1","0/0","0/1","0/0","0/0","0/0","0/1","0/0","0/0","0/0","0/0",14.12278768
"AlTe17_AlTe17","0/0","0/0","0/0","0/0","0/0","0/0","0/0","0/0","0/1","0/0","0/0","0/0","0/0","0/0","0/0","0/0","0/0","0/1","0/0","0/0","0/0",9.44219389
"AlTe18_AlTe18","0/0","0/0","0/0","0/0","0/0","0/0","0/1","0/0","1/1","0/0","0/0","0/1","0/0","0/0","0/0","0/1","0/1","0/0","0/0","0/0","0/0",13.12583109
"AlTe19_AlTe19","0/0","1/1","0/1","0/1","0/0","0/0","0/0","0/0","0/0","0/1","0/0","0/0","0/1","0/0","0/0","0/0","0/0","0/1","0/0","0/1","0/0",12.71050892
"AlTe20_AlTe20","0/0","0/1","0/0","0/0","0/0","0/0","0/0","0/0","0/1","0/0","0/0","0/0","0/0","0/0","0/0","0/0","0/0","0/0","0/0","0/0","0/0",9.362230029
"AlVC01_AlVC01","0/0","0/1","0/0","0/0","0/0","0/0","0/0","0/0","0/1","0/0","0/0","0/0","0/0","0/0","0/1","0/0","0/0","0/0","0/0","0/0","0/0",8.712370639
"AlVC02_AlVC02","0/1","1/1","0/0","0/0","0/1","0/0","0/0","0/1","0/0","0/0","0/0","0/0","0/0","0/1","0/1","0/0","0/0","0/0","0/0","0/0","0/0",11.5866549
"AlVC03_AlVC03","0/0","0/1","0/0","0/0","0/0","0/0","0/1","0/0","0/0","0/0","0/0","0/0","0/0","0/0","0/1","0/0","0/0","0/0","0/0","0/0","0/0",12.70173621
"AlVC04_AlVC04","0/0","0/0","0/0","0/0","0/0","0/0","0/1","0/0","0/0","0/0","0/0","0/0","0/0","0/0","0/1","0/0","0/0","0/0","0/0","0/0","0/0",11.11732341
"AlVC05_AlVC05","0/0","0/0","0/0","0/1","0/0","0/1","0/0","0/0","0/0","0/0","0/0","0/0","0/0","0/0","0/1","0/0","0/0","0/0","0/0","0/0","0/1",13.27238731
"AlVC06_AlVC06","0/0","0/1","0/1","0/1","0/0","0/0","0/0","0/1","0/0","0/0","0/0","0/0","0/0","0/1","0/1","0/1","0/0","0/0","0/0","0/0","0/0",14.12278768
"AlVC07_AlVC07","0/0","1/1","0/0","0/0","0/0","0/0","0/0","0/1","0/0","0/0","0/0","0/0","0/0","0/1","0/1","0/0","0/0","0/0","0/0","0/0","0/0",11.11329676
"AlVC08_AlVC08","0/0","0/1","0/0","0/0","0/0","0/1","0/0","0/0","0/0","0/1","0/0","0/0","0/0","0/0","0/1","0/0","0/0","0/0","0/0","0/0","0/0",13.59585091
"AlVC09_AlVC09","0/0","0/1","0/0","0/0","0/0","0/0","0/0","0/0","0/0","0/0","0/0","0/0","0/0","0/0","0/1","0/0","0/0","0/0","0/1","0/0","0/0",7.875498651
"AlVC10_AlVC10","0/0","0/0","0/0","0/0","0/0","0/0","0/0","0/0","0/0","0/0","0/0","0/0","0/0","0/0","0/1","0/0","0/0","0/0","0/0","0/0","0/1",10.72696393
"AlVC11_AlVC11","0/0","0/0","0/0","0/0","0/0","0/0","0/0","0/0","0/1","0/0","0/0","0/0","0/0","0/0","0/1","0/0","0/0","0/0","0/0","0/0","0/0",10.21640483
"AlVC12_AlVC12","0/0","0/0","0/0","0/0","0/0","0/0","0/0","0/0","0/1","0/0","0/0","0/0","0/0","0/0","0/1","0/0","0/0","0/0","0/0","0/0","0/0",9.737810412
"AlVC13_AlVC13","0/0","0/0","0/0","0/0","0/0","0/0","0/0","0/0","0/1","0/0","0/0","0/0","0/0","0/0","0/1","0/0","0/0","0/0","0/0","0/0","0/0",10.39682717
"AlVC14_AlVC14","0/0","0/0","0/1","0/0","0/0","0/0","0/0","0/0","0/0","0/0","0/0","0/0","0/0","0/0","0/1","0/0","0/0","0/0","0/0","0/0","0/0",12.05222889
"AlVC15_AlVC15","0/0","0/0","0/0","0/0","0/0","0/0","0/0","0/0","0/0","0/0","0/0","0/0","0/0","0/0","0/1","0/1","0/0","0/0","0/0","0/0","0/0",10.41871572
"AlVC16_AlVC16","0/0","0/0","0/0","0/0","0/0","0/0","0/0","0/0","0/0","0/0","0/0","0/0","0/0","0/0","0/1","0/0","0/0","0/0","0/0","0/0","0/0",11.11329676
"AlVC17_AlVC17","0/0","0/0","0/0","0/0","0/0","0/0","0/1","0/0","0/0","0/0","0/0","0/0","0/0","0/0","0/1","0/0","0/0","0/0","0/0","0/0","0/0",10.62110032
"AlVC18_AlVC18","0/0","0/1","0/0","0/0","0/0","0/0","0/0","0/0","0/0","0/0","0/0","0/0","0/0","0/0","0/1","0/1","0/1","0/0","0/0","0/0","0/0",12.48661504
"AlVC19_AlVC19","0/0","0/0","0/0","0/0","0/0","0/0","0/1","0/0","0/0","0/0","0/0","0/0","0/0","0/0","0/1","0/0","0/0","0/0","0/0","0/0","0/0",11.18276844
"AlVC20_AlVC20","0/0","0/0","0/0","0/0","0/0","0/0","0/0","0/0","0/1","0/0","0/0","0/0","0/0","0/0","0/1","0/0","0/0","0/0","0/0","0/0","0/0",13.40870492
"AlVC21_AlVC21","0/0","0/1","0/0","0/0","0/0","0/0","0/0","0/1","0/0","0/1","0/0","0/0","0/0","0/1","0/1","0/0","0/1","0/0","0/0","0/0","0/0",12.91310238
"AlO01_AlO01","0/1","0/1","0/1","0/0","0/0","0/0","0/0","0/0","0/0","0/1","0/0","0/0","0/0","0/0","0/0","0/1","0/0","0/0","0/1","0/1","0/0",8.513818773
"AlO02_AlO02","0/1","0/1","0/0","0/0","0/1","0/0","0/0","0/0","0/0","0/0","0/1","0/0","0/0","0/0","0/0","0/0","0/0","0/0","0/1","0/0","0/0",6.643013142
"AlO03_AlO03","0/0","0/1","0/0","0/0","0/0","0/0","0/0","0/0","0/0","0/1","0/0","0/0","0/0","0/0","0/0","0/0","0/0","0/0","0/1","0/0","0/0",8.19021753
"AlO04_AlO04","0/0","1/1","0/0","0/0","0/0","0/0","0/0","0/0","0/0","0/1","0/0","0/0","0/0","0/0","0/1","0/1","0/0","0/0","0/1","0/0","0/1",11.06909615
"AlO05_AlO05","0/1","0/1","0/0","0/0","0/0","0/0","0/1","0/0","0/0","0/0","0/0","0/0","0/0","0/0","0/0","0/0","0/0","0/0","0/0","0/1","0/0",8.537678306
"AlO06_AlO06","0/0","0/0","0/0","0/0","0/1","0/0","0/0","0/0","0/0","0/0","0/0","0/0","0/0","0/0","0/0","0/0","0/0","0/0","0/1","0/0","0/0",6.257395629
"AlO07_AlO07","0/1","1/1","0/0","0/0","0/0","0/1","0/0","0/0","0/0","0/0","0/1","0/0","0/0","0/0","0/1","0/0","0/0","0/0","0/1","0/0","0/0",8.045222951
"AlO08_AlO08","0/0","1/1","0/0","0/0","0/0","0/0","0/0","0/0","0/0","0/0","0/0","0/0","0/0","0/0","0/0","0/1","0/1","0/0","0/0","0/0","0/0",12.65760891
"AlO09_AlO09","0/0","0/1","0/0","0/0","0/1","0/1","0/0","0/1","0/0","0/0","0/1","0/0","0/0","0/0","0/1","0/0","0/0","0/1","0/1","0/1","0/1",13.49779295
"AlO10_AlO10","0/1","1/1","0/0","0/0","0/0","0/1","0/0","0/1","0/0","0/1","0/0","0/0","0/0","0/0","0/0","0/1","0/1","0/0","0/0","0/1","0/1",13.40870492
"AlO11_AlO11","0/1","0/1","0/0","0/0","0/1","0/0","0/0","0/1","0/0","0/0","0/0","0/0","0/0","0/1","0/1","0/0","0/0","0/0","0/1","0/0","0/0",12.14801366
"AlO12_AlO12","0/0","0/1","0/0","0/0","1/1","0/0","0/0","0/0","0/1","0/0","0/0","0/0","0/0","0/0","0/0","0/0","0/1","0/0","0/1","0/0","0/0",7.623324309
"AlO13_AlO13","0/1","0/1","0/0","0/0","0/0","0/0","0/0","0/0","0/0","0/0","0/0","0/1","0/0","0/0","0/0","0/0","0/1","0/0","0/1","0/0","0/0",10.24521397
"AlO14_AlO14","0/0","0/1","0/0","0/0","0/1","0/0","0/0","0/0","0/0","0/0","0/0","0/0","0/0","0/0","0/0","0/0","0/0","0/0","0/0","0/0","0/0",5.363481967
"AlO15_AlO15","0/0","0/0","0/0","0/0","0/1","0/0","0/0","0/0","0/0","0/0","0/0","0/0","0/0","0/0","0/0","0/0","0/0","0/0","0/1","0/0","0/0",7.536523327
"AlO16_AlO16","0/1","1/1","0/0","0/0","0/0","0/0","0/0","0/0","0/0","0/0","0/0","0/0","0/0","0/1","0/0","0/0","0/1","0/0","0/1","0/1","0/0",10.67674138
"AlO17_AlO17","0/0","0/1","0/0","0/0","0/1","0/0","0/0","0/0","0/1","0/0","0/0","0/0","0/0","0/0","0/0","0/0","0/0","0/0","0/1","0/0","0/1",7.15130929
"AlO18_AlO18","0/1","0/1","0/0","0/0","0/0","0/0","0/0","0/0","0/0","0/1","0/0","0/0","0/0","0/1","0/0","0/0","0/0","0/0","0/1","0/0","0/0",10.17659417
"AlO19_AlO19","1/1","1/1","0/0","0/0","0/0","0/1","0/0","0/1","0/0","0/0","0/1","0/0","0/0","0/0","0/0","0/0","0/1","0/1","0/1","0/0","0/0",10.67674138
"AlO20_AlO20","0/0","0/0","0/1","0/1","0/0","0/0","0/0","0/0","0/0","0/0","0/0","0/0","0/0","0/0","0/0","0/0","0/0","0/0","0/1","0/0","0/0",8.098675772
"AlO21_AlO21","0/0","0/1","0/0","0/0","1/1","0/0","0/0","0/0","0/0","0/1","0/0","0/0","0/0","0/0","0/0","0/0","0/0","0/0","0/1","0/0","0/0",8.164566938
"AlO22_AlO22","0/1","0/1","0/0","0/0","0/0","0/0","0/0","0/0","0/0","0/0","0/0","0/0","0/0","0/0","0/0","0/0","0/0","0/0","0/1","0/0","0/0",6.748896477
"AlO23_AlO23","0/0","0/1","0/1","0/0","0/0","0/0","0/0","0/0","0/0","0/0","0/0","0/0","0/0","0/0","0/0","0/0","0/0","0/0","0/1","0/0","0/0",6.748896477
"AlO24_AlO24","0/1","0/0","0/1","0/0","0/1","0/0","0/0","0/0","0/0","0/0","0/1","0/0","0/1","0/0","0/0","0/0","0/0","0/0","0/1","0/0","0/0",8.857350856
